{"cameraMode":{"drawMode":0,"name":"Shaded","section":"Shading Mode"},"sceneLighting":true,"audioPlay":false,"sceneViewState":{"showFog":true,"showMaterialUpdate":false,"showSkybox":true,"showFlares":true,"showImageEffects":true,"showParticleSystems":true},"in2DMode":false,"pivot":{"x":319.515869140625,"y":605.9992065429688,"z":-33.64381790161133},"rotation":{"x":0.6498578190803528,"y":0.0022814839612692596,"z":-0.001948192366398871,"w":0.7600547671318054},"size":278.58282470703127,"orthographic":true}